name,link
AAI – Germany,https://evtrader.com/ev-company/aai-germany/
ABL Mobility – Germany,https://evtrader.com/ev-company/abl-mobility-germany/
Abm Antriebe – Germany,https://evtrader.com/ev-company/abm-antriebe-germany/
ACC – Germany,https://evtrader.com/ev-company/acc-germany/
Accumotive – Germany,https://evtrader.com/ev-company/accumotive-germany/
Accurec – Germany,https://evtrader.com/ev-company/accurec-germany/
Aceteam – Germany,https://evtrader.com/ev-company/aceteam-germany/
ACV Automobil Club – Germany,https://evtrader.com/ev-company/acv-automobil-club-germany/
ADAC e-Charge – Germany,https://evtrader.com/ev-company/adac-e-charge-germany/
Ador Digatron – Germany,https://evtrader.com/ev-company/ador-digatron-germany/
Adore eBikes – Germany,https://evtrader.com/ev-company/adore-ebikes-germany/
ADS Tec Energy – Germany,https://evtrader.com/ev-company/ads-tec-energy-germany/
Advanced Bikes – Germany,https://evtrader.com/ev-company/advanced-bikes-germany/
AEG Industrial Engineering – Germany,https://evtrader.com/ev-company/aeg-industrial-engineering-germany/
AEG Power Solutions – Germany,https://evtrader.com/ev-company/aeg-power-solutions-germany/
Air Energy – Germany,https://evtrader.com/ev-company/air-energy-germany/
AirconTech – Germany,https://evtrader.com/ev-company/aircontech-germany/
Aldi elektrisiert – Germany,https://evtrader.com/ev-company/aldi-elektrisiert-germany/
Allgäu Strom Mobil – Germany,https://evtrader.com/ev-company/allgau-strom-mobil-germany/
AllGoTec – Germany,https://evtrader.com/ev-company/allgotec-germany/
Alva Yachts – Germany,https://evtrader.com/ev-company/alva-yachts-germany/
Amperetta – Germany,https://evtrader.com/ev-company/amperetta-germany/
Amperfied – Germany,https://evtrader.com/ev-company/amperfied-germany/
Amphenol Industrial – Germany,https://evtrader.com/ev-company/amphenol-industrial-germany/
Ampherr – Germany,https://evtrader.com/ev-company/ampherr-germany/
Ams Osram – Germany,https://evtrader.com/ev-company/ams-osram-germany/
Andi Fant – Germany,https://evtrader.com/ev-company/andi-fant-germany/
Ansmann – Germany,https://evtrader.com/ev-company/ansmann-germany/
Ant Cargo – Germany,https://evtrader.com/ev-company/ant-cargo-germany/
Antric – Germany,https://evtrader.com/ev-company/antric-germany/
APL Landau – Germany,https://evtrader.com/ev-company/apl-landau-germany/
Aradex – Germany,https://evtrader.com/ev-company/aradex-germany/
Aral – Germany,https://evtrader.com/ev-company/aral-germany/
Ari Motors – Germany,https://evtrader.com/ev-company/ari-motors-germany/
Arrk Engineering – Germany,https://evtrader.com/ev-company/arrk-engineering-germany/
Artega – Germany,https://evtrader.com/ev-company/artega-germany/
Asahi Kasei Europe – Germany,https://evtrader.com/ev-company/asahi-kasei-europe-germany/
Ate System – Germany,https://evtrader.com/ev-company/ate-system-germany/
Ateq e-Mobility – Germany,https://evtrader.com/ev-company/ateq-e-mobility-germany/
Atesteo – Germany,https://evtrader.com/ev-company/atesteo-germany/
Atlanta – Germany,https://evtrader.com/ev-company/atlanta-germany/
Atlas Copco – Germany,https://evtrader.com/ev-company/atlas-copco-germany/
Audi – Germany,https://evtrader.com/ev-company/audi-germany/
Audi Charging Plus – Germany,https://evtrader.com/ev-company/audi-charging-plus-germany/
Audi Technology – Germany,https://evtrader.com/ev-company/audi-technology-germany/
Aurubis – Germany,https://evtrader.com/ev-company/aurubis-germany/
Autel Energy – Germany,https://evtrader.com/ev-company/autel-energy-germany/
Auto Enterprise – Germany,https://evtrader.com/ev-company/auto-enterprise-germany/
Autoflight – Germany,https://evtrader.com/ev-company/autoflight-germany/
Ave Bikes – Germany,https://evtrader.com/ev-company/ave-bikes-germany/
Avocargo – Germany,https://evtrader.com/ev-company/avocargo-germany/
B-Plus – Germany,https://evtrader.com/ev-company/b-plus-germany/
Bagier Bikes – Germany,https://evtrader.com/ev-company/bagier-bikes-germany/
Bals – Germany,https://evtrader.com/ev-company/bals-germany/
BarShare – Germany,https://evtrader.com/ev-company/barshare-germany/
BASF – Germany,https://evtrader.com/ev-company/basf-germany/
Bastiaen Cargo – Germany,https://evtrader.com/ev-company/bastiaen-cargo-germany/
Batterie Ingenieure – Germany,https://evtrader.com/ev-company/batterie-ingenieure-germany/
Battery Dynamics – Germany,https://evtrader.com/ev-company/battery-dynamics-germany/
Baumüller – Germany,https://evtrader.com/ev-company/baumuller-germany/
Bavaria Electric Cycles – Germany,https://evtrader.com/ev-company/bavaria-electric-cycles-germany/
Bayk – Germany,https://evtrader.com/ev-company/bayk-germany/
BBF Bike – Germany,https://evtrader.com/ev-company/bbf-bike-germany/
Bem EV – Germany,https://evtrader.com/ev-company/bem-ev-germany/
Ben e bike – Germany,https://evtrader.com/ev-company/ben-e-bike-germany/
Bender – Germany,https://evtrader.com/ev-company/bender-germany/
Benning – Germany,https://evtrader.com/ev-company/benning-germany/
Benzing – Germany,https://evtrader.com/ev-company/benzing-germany/
Bergamont – Germany,https://evtrader.com/ev-company/bergamont-germany/
Bernds – Germany,https://evtrader.com/ev-company/bernds-germany/
Bersch Bikes – Germany,https://evtrader.com/ev-company/bersch-bikes-germany/
Bertrandt – Germany,https://evtrader.com/ev-company/bertrandt-germany/
BEW Bocholt – Germany,https://evtrader.com/ev-company/bew-bocholt-germany/
Bike Petry – Germany,https://evtrader.com/ev-company/bike-petry-germany/
Bionicon – Germany,https://evtrader.com/ev-company/bionicon-germany/
Bixs – Germany,https://evtrader.com/ev-company/bixs-germany/
Black Tea Motorbikes – Germany,https://evtrader.com/ev-company/black-tea-motorbikes-germany/
Blaupunkt – Germany,https://evtrader.com/ev-company/blaupunkt-germany/
Blickfeld – Germany,https://evtrader.com/ev-company/blickfeld-germany/
BMW – Germany,https://evtrader.com/ev-company/bmw-germany/
BMW Charging – Germany,https://evtrader.com/ev-company/bmw-charging-germany/
BMW Motorrad – Germany,https://evtrader.com/ev-company/bmw-motorrad-germany/
BMZ Group – Germany,https://evtrader.com/ev-company/bmz-group-germany/
Book n Drive – Germany,https://evtrader.com/ev-company/book-n-drive-germany/
Boréal Bikes – Germany,https://evtrader.com/ev-company/boreal-bikes-germany/
Bosch – Germany,https://evtrader.com/ev-company/bosch-germany/
Bosch Charge my EV – Germany,https://evtrader.com/ev-company/bosch-charge-my-ev-germany/
Bosch eBike – Germany,https://evtrader.com/ev-company/bosch-ebike-germany/
Bosch EV Solutions – Germany,https://evtrader.com/ev-company/bosch-ev-solutions-germany/
Bosch Mobility – Germany,https://evtrader.com/ev-company/bosch-mobility-germany/
Böttcher Fahrräder – Germany,https://evtrader.com/ev-company/bottcher-fahrrader-germany/
BPW Bergische Achsen – Germany,https://evtrader.com/ev-company/bpw-bergische-achsen-germany/
Brc Solar – Germany,https://evtrader.com/ev-company/brc-solar-germany/
Brennabor (#Hartje) – Germany,https://evtrader.com/ev-company/brennabor-hartje-germany/
Brose – Germany,https://evtrader.com/ev-company/brose-germany/
Brose eBike – Germany,https://evtrader.com/ev-company/brose-ebike-germany/
BRS Messtechnik – Germany,https://evtrader.com/ev-company/brs-messtechnik-germany/
Bruchsal e-Laden – Germany,https://evtrader.com/ev-company/bruchsal-e-laden-germany/
BS Energie – Germany,https://evtrader.com/ev-company/bs-energie-germany/
BTM – Black Tea Motorbikes – Germany,https://evtrader.com/ev-company/btm-black-tea-motorbikes-germany/
Bühler Motor – Germany,https://evtrader.com/ev-company/buhler-motor-germany/
Bulls Bikes – Germany,https://evtrader.com/ev-company/bulls-bikes-germany/
C3 Analysen Technik – Germany,https://evtrader.com/ev-company/c3-analysen-technik-germany/
CaGo – Germany,https://evtrader.com/ev-company/cago-germany/
CaGo Bike – Germany,https://evtrader.com/ev-company/cago-bike-germany/
Call a Bike – Germany,https://evtrader.com/ev-company/call-a-bike-germany/
Cambio CarSharing – Germany,https://evtrader.com/ev-company/cambio-carsharing-germany/
Campus Bike – Germany,https://evtrader.com/ev-company/campus-bike-germany/
Canyon – Germany,https://evtrader.com/ev-company/canyon-germany/
Cargo Factory – Germany,https://evtrader.com/ev-company/cargo-factory-germany/
Cargobike Monkeys – Germany,https://evtrader.com/ev-company/cargobike-monkeys-germany/
Cariqa – Germany,https://evtrader.com/ev-company/cariqa-germany/
Carla Cargo – Germany,https://evtrader.com/ev-company/carla-cargo-germany/
Carver Bikes – Germany,https://evtrader.com/ev-company/carver-bikes-germany/
Ccc Wallbox – Germany,https://evtrader.com/ev-company/ccc-wallbox-germany/
Ceetah – Germany,https://evtrader.com/ev-company/ceetah-germany/
CellCentric – Germany,https://evtrader.com/ev-company/cellcentric-germany/
Cellform Hydrogen – Germany,https://evtrader.com/ev-company/cellform-hydrogen-germany/
Centurion – Germany,https://evtrader.com/ev-company/centurion-germany/
Cetecom Advanced – Germany,https://evtrader.com/ev-company/cetecom-advanced-germany/
Charge & Fuel Card – Germany,https://evtrader.com/ev-company/charge-fuel-card-germany/
Charge at Friends – Germany,https://evtrader.com/ev-company/charge-at-friends-germany/
Charge my Hyundai – Germany,https://evtrader.com/ev-company/charge-my-hyundai-germany/
ChargeCore – Germany,https://evtrader.com/ev-company/chargecore-germany/
ChargeEV – Germany,https://evtrader.com/ev-company/chargeev-germany/
ChargeX – Germany,https://evtrader.com/ev-company/chargex-germany/
Charin – Germany,https://evtrader.com/ev-company/charin-germany/
Chem 4 Batteries – Germany,https://evtrader.com/ev-company/chem-4-batteries-germany/
Chike Bike – Germany,https://evtrader.com/ev-company/chike-bike-germany/
Christiana Bikes – Germany,https://evtrader.com/ev-company/christiana-bikes-germany/
Cht Silicones – Germany,https://evtrader.com/ev-company/cht-silicones-germany/
Cis – Germany,https://evtrader.com/ev-company/cis-germany/
Citkar – Germany,https://evtrader.com/ev-company/citkar-germany/
City Freighter – Germany,https://evtrader.com/ev-company/city-freighter-germany/
Cityca – Germany,https://evtrader.com/ev-company/cityca-germany/
CitySax – Germany,https://evtrader.com/ev-company/citysax-germany/
Classic eCars -Germany,https://evtrader.com/ev-company/classic-ecars-germany/
Clayton – Germany,https://evtrader.com/ev-company/clayton-germany/
CNGR – Germany,https://evtrader.com/ev-company/cngr-germany/
Coboc – Germany,https://evtrader.com/ev-company/coboc-germany/
Cobus Industries – Germany,https://evtrader.com/ev-company/cobus-industries-germany/
Collin Solutions – Germany,https://evtrader.com/ev-company/collin-solutions-germany/
Columbos Bikes – Germany,https://evtrader.com/ev-company/columbos-bikes-germany/
Comenso – Germany,https://evtrader.com/ev-company/comenso-germany/
Commercial Charger – Germany,https://evtrader.com/ev-company/commercial-charger-germany/
Compleo CS – Germany,https://evtrader.com/ev-company/compleo-cs-germany/
Conductix Wampfler – Germany,https://evtrader.com/ev-company/conductix-wampfler-germany/
Cone Bikes – Germany,https://evtrader.com/ev-company/cone-bikes-germany/
Continental Automotive – Germany,https://evtrader.com/ev-company/continental-automotive-germany/
Continental Engineering – Germany,https://evtrader.com/ev-company/continental-engineering-germany/
Contoura (#Hartje) – Germany,https://evtrader.com/ev-company/contoura-hartje-germany/
ConverCycle – Germany,https://evtrader.com/ev-company/convercycle-germany/
Conway (#Hartje) – Germany,https://evtrader.com/ev-company/conway-hartje-germany/
Coolly Bike – Germany,https://evtrader.com/ev-company/coolly-bike-germany/
Cooper Bikes – Germany,https://evtrader.com/ev-company/cooper-bikes-germany/
Coperion – Germany,https://evtrader.com/ev-company/coperion-germany/
Coroflex – Germany,https://evtrader.com/ev-company/coroflex-germany/
Corratec – Germany,https://evtrader.com/ev-company/corratec-germany/
Cowboy – Germany,https://evtrader.com/ev-company/cowboy-germany/
Crisson – Germany,https://evtrader.com/ev-company/crisson-germany/
Crivit – Germany,https://evtrader.com/ev-company/crivit-germany/
CSM – Germany,https://evtrader.com/ev-company/csm-germany/
Cube – Germany,https://evtrader.com/ev-company/cube-germany/
Cubonic – Germany,https://evtrader.com/ev-company/cubonic-germany/
Cucuma – Germany,https://evtrader.com/ev-company/cucuma-germany/
Customcells – Germany,https://evtrader.com/ev-company/customcells-germany/
Daimler Bus – Germany,https://evtrader.com/ev-company/daimler-bus-germany/
Daimler Truck – Germany,https://evtrader.com/ev-company/daimler-truck-germany/
Dance – Germany,https://evtrader.com/ev-company/dance-germany/
DanTech – Germany,https://evtrader.com/ev-company/dantech-germany/
DeepDrive – Germany,https://evtrader.com/ev-company/deepdrive-germany/
Dekra – Germany,https://evtrader.com/ev-company/dekra-germany/
Deruiz Bike – Germany,https://evtrader.com/ev-company/deruiz-bike-germany/
Desiknio – Germany,https://evtrader.com/ev-company/desiknio-germany/
Deutronic – Germany,https://evtrader.com/ev-company/deutronic-germany/
Deutsche Aerogel – Germany,https://evtrader.com/ev-company/deutsche-aerogel-germany/
DEW21 Fahr-E – Germany,https://evtrader.com/ev-company/dew21-fahr-e-germany/
Diamant Rad – Germany,https://evtrader.com/ev-company/diamant-rad-germany/
Digatron Group – Germany,https://evtrader.com/ev-company/digatron-group-germany/
Digatron Systems – Germany,https://evtrader.com/ev-company/digatron-systems-germany/
DMC – Germany,https://evtrader.com/ev-company/dmc-germany/
Doehmers – Germany,https://evtrader.com/ev-company/doehmers-germany/
DriveBlocks – Germany,https://evtrader.com/ev-company/driveblocks-germany/
Drössiger Bikes – Germany,https://evtrader.com/ev-company/drossiger-bikes-germany/
Dspace – Germany,https://evtrader.com/ev-company/dspace-germany/
Duesenfeld – Germany,https://evtrader.com/ev-company/duesenfeld-germany/
Dürr – Germany,https://evtrader.com/ev-company/durr-germany/
e-Broh – Germany,https://evtrader.com/ev-company/e-broh-germany/
e-Drive Solution – Germany,https://evtrader.com/ev-company/e-drive-solution-germany/
e-Mobile BW – Germany,https://evtrader.com/ev-company/e-mobile-bw-germany/
e-Revolt – Germany,https://evtrader.com/ev-company/e-revolt-germany/
e-Velo Cabrio – Germany,https://evtrader.com/ev-company/e-velo-cabrio-germany/
E.Go Mobile – Germany,https://evtrader.com/ev-company/e-go-mobile-germany/
e2 Trail – Germany,https://evtrader.com/ev-company/e2-trail-germany/
E2H2 DriveSystems – Germany,https://evtrader.com/ev-company/e2h2-drivesystems-germany/
eAx Solutions – Germany,https://evtrader.com/ev-company/eax-solutions-germany/
Eberspächer – Germany,https://evtrader.com/ev-company/eberspacher-germany/
eBike Manufaktur – Germany,https://evtrader.com/ev-company/ebike-manufaktur-germany/
eCarSharing – Germany,https://evtrader.com/ev-company/ecarsharing-germany/
Econelo – Germany,https://evtrader.com/ev-company/econelo-germany/
EconicOne – Germany,https://evtrader.com/ev-company/econicone-germany/
Edag Group – Germany,https://evtrader.com/ev-company/edag-group-germany/
Edrais – Germany,https://evtrader.com/ev-company/edrais-germany/
Efa S – Germany,https://evtrader.com/ev-company/efa-s-germany/
eFlow Europe – Germany,https://evtrader.com/ev-company/eflow-europe-germany/
Efoy – Germany,https://evtrader.com/ev-company/efoy-germany/
Ego Movement – Germany,https://evtrader.com/ev-company/ego-movement-germany/
Egret – Germany,https://evtrader.com/ev-company/egret-germany/
Eins e-Mobil – Germany,https://evtrader.com/ev-company/eins-e-mobil-germany/
Eirich – Germany,https://evtrader.com/ev-company/eirich-germany/
EK Technologies – Germany,https://evtrader.com/ev-company/ek-technologies-germany/
EKL – Germany,https://evtrader.com/ev-company/ekl-germany/
Ekpo Fuelcell Technologies – Germany,https://evtrader.com/ev-company/ekpo-fuelcell-technologies-germany/
El Cell – Germany,https://evtrader.com/ev-company/el-cell-germany/
Elaris – Germany,https://evtrader.com/ev-company/elaris-germany/
Electric Brands – Germany,https://evtrader.com/ev-company/electric-brands-germany/
Electrolyte – Germany,https://evtrader.com/ev-company/electrolyte-germany/
Elegend – Germany,https://evtrader.com/ev-company/elegend-germany/
Elektra Solar – Germany,https://evtrader.com/ev-company/elektra-solar-germany/
Elektrobit – Germany,https://evtrader.com/ev-company/elektrobit-germany/
Elerra – Germany,https://evtrader.com/ev-company/elerra-germany/
Elli – Germany,https://evtrader.com/ev-company/elli-germany/
Elli Drive Highway – Germany,https://evtrader.com/ev-company/elli-drive-highway-germany/
Elring Klinger – Germany,https://evtrader.com/ev-company/elring-klinger-germany/
Elvah Flat – Germany,https://evtrader.com/ev-company/elvah-flat-germany/
EM Bike – Germany,https://evtrader.com/ev-company/em-bike-germany/
EMB – Germany,https://evtrader.com/ev-company/emb-germany/
Emco – Germany,https://evtrader.com/ev-company/emco-germany/
Emec Prototyping – Germany,https://evtrader.com/ev-company/emec-prototyping-germany/
eMobility World – Germany,https://evtrader.com/ev-company/emobility-world-germany/
Emovum – Germany,https://evtrader.com/ev-company/emovum-germany/
EnBW Mobility – Germany,https://evtrader.com/ev-company/enbw-mobility-germany/
Energielenker – Germany,https://evtrader.com/ev-company/energielenker-germany/
EnerPower – Germany,https://evtrader.com/ev-company/enerpower-germany/
Engelsmann – Germany,https://evtrader.com/ev-company/engelsmann-germany/
Enginius – Germany,https://evtrader.com/ev-company/enginius-germany/
Engiro – Germany,https://evtrader.com/ev-company/engiro-germany/
Entega – Germany,https://evtrader.com/ev-company/entega-germany/
Entega -Germany,https://evtrader.com/ev-company/entega-germany-2/
Entratek – Germany,https://evtrader.com/ev-company/entratek-germany/
Enviado – Germany,https://evtrader.com/ev-company/enviado-germany/
ePowerfun – Germany,https://evtrader.com/ev-company/epowerfun-germany/
eRocket – Germany,https://evtrader.com/ev-company/erocket-germany/
ESB Flexmobil – Germany,https://evtrader.com/ev-company/esb-flexmobil-germany/
EvoBus – Daimler Buses – Germany,https://evtrader.com/ev-company/evobus-daimler-buses-germany/
Evonik – Germany,https://evtrader.com/ev-company/evonik-germany/
Evum Motors – Germany,https://evtrader.com/ev-company/evum-motors-germany/
EW Hof – Germany,https://evtrader.com/ev-company/ew-hof-germany/
EweGo – Germany,https://evtrader.com/ev-company/ewego-germany/
Excelsion (#Hartje) – Germany,https://evtrader.com/ev-company/excelsion-hartje-germany/
Falkenjagd Bikes – Germany,https://evtrader.com/ev-company/falkenjagd-bikes-germany/
Falter Bikes (#Bike&Co) – Germany,https://evtrader.com/ev-company/falter-bikes-bikeco-germany/
Farasis Energy Europe – Germany,https://evtrader.com/ev-company/farasis-energy-europe-germany/
Fat Albert – Germany,https://evtrader.com/ev-company/fat-albert-germany/
Faun Enginius – Germany,https://evtrader.com/ev-company/faun-enginius-germany/
Fazua – Germany,https://evtrader.com/ev-company/fazua-germany/
Feddz – Germany,https://evtrader.com/ev-company/feddz-germany/
Feldmeier BIke – Germany,https://evtrader.com/ev-company/feldmeier-bike-germany/
FEV – Germany,https://evtrader.com/ev-company/fev-germany/
FEV Propulsion – Germany,https://evtrader.com/ev-company/fev-propulsion-germany/
Fiat 500 Bike – Germany,https://evtrader.com/ev-company/fiat-500-bike-germany/
Fischer – Germany,https://evtrader.com/ev-company/fischer-germany/
Fischer Panda – Germany,https://evtrader.com/ev-company/fischer-panda-germany/
Fka – Germany,https://evtrader.com/ev-company/fka-germany/
Flight Design – Germany,https://evtrader.com/ev-company/flight-design-germany/
Flinkster – Germany,https://evtrader.com/ev-company/flinkster-germany/
Flow Carsharing – Germany,https://evtrader.com/ev-company/flow-carsharing-germany/
Flutr Motors – Germany,https://evtrader.com/ev-company/flutr-motors-germany/
Flyer Truck – Germany,https://evtrader.com/ev-company/flyer-truck-germany/
Focus (#Derby Cycles) – Germany,https://evtrader.com/ev-company/focus-derby-cycles-germany/
Forca Sports – Germany,https://evtrader.com/ev-company/forca-sports-germany/
Ford Europe – Germany,https://evtrader.com/ev-company/ford-europe-germany/
Forschner – Germany,https://evtrader.com/ev-company/forschner-germany/
Fox e-Mobility – Germany,https://evtrader.com/ev-company/fox-e-mobility-germany/
Fraport – Gemany,https://evtrader.com/ev-company/fraport-gemany/
Frauenhof ICS – Germany,https://evtrader.com/ev-company/frauenhof-ics-germany/
Frauenhof IKS – Germany,https://evtrader.com/ev-company/frauenhof-iks-germany/
Frauenhof ISE – Germany,https://evtrader.com/ev-company/frauenhof-ise-germany/
Frauenhof IVI – Germany,https://evtrader.com/ev-company/frauenhof-ivi-germany/
Frelo Freiburg – Germany,https://evtrader.com/ev-company/frelo-freiburg-germany/
Freudenberg – Germany,https://evtrader.com/ev-company/freudenberg-germany/
Future Battery Forum – Germany,https://evtrader.com/ev-company/future-battery-forum-germany/
Gehl – Germany,https://evtrader.com/ev-company/gehl-germany/
Ghost (#Accell) – Germany,https://evtrader.com/ev-company/ghost-accell-germany/
Globe Fuel Cell – Germany,https://evtrader.com/ev-company/globe-fuel-cell-germany/
Goldhofer – Germany,https://evtrader.com/ev-company/goldhofer-germany/
Göpel Electronic – Germany,https://evtrader.com/ev-company/gopel-electronic-germany/
Govecs Group – Germany,https://evtrader.com/ev-company/govecs-group-germany/
GP Joule – Germany,https://evtrader.com/ev-company/gp-joule-germany/
Green Auto Summit – Germany,https://evtrader.com/ev-company/green-auto-summit-germany/
Greens Bike – Germany,https://evtrader.com/ev-company/greens-bike-germany/
Grundig – Germany,https://evtrader.com/ev-company/grundig-germany/
Grundig Inno – Germany,https://evtrader.com/ev-company/grundig-inno-germany/
Grüne Säule – Germany,https://evtrader.com/ev-company/grune-saule-germany/
Gudereit – Germany,https://evtrader.com/ev-company/gudereit-germany/
Gulas – Germany,https://evtrader.com/ev-company/gulas-germany/
Gustav Klein – Germany,https://evtrader.com/ev-company/gustav-klein-germany/
H2Fly – Germany,https://evtrader.com/ev-company/h2fly-germany/
Habia Cable – Germany,https://evtrader.com/ev-company/habia-cable-germany/
Hager – Germany,https://evtrader.com/ev-company/hager-germany/
Hager Group – Germany,https://evtrader.com/ev-company/hager-group-germany/
Haibike (#Accell) – Germany,https://evtrader.com/ev-company/haibike-accell-germany/
Hamburg Energie – Germany,https://evtrader.com/ev-company/hamburg-energie-germany/
Harting – Germany,https://evtrader.com/ev-company/harting-germany/
Hartje – Germany,https://evtrader.com/ev-company/hartje-germany/
Hase Bikes – Germany,https://evtrader.com/ev-company/hase-bikes-germany/
Hawk Bikes – Germany,https://evtrader.com/ev-company/hawk-bikes-germany/
Hbm – Germany,https://evtrader.com/ev-company/hbm-germany/
Heartbeat Cycles – Germany,https://evtrader.com/ev-company/heartbeat-cycles-germany/
Heidelberg – Germany,https://evtrader.com/ev-company/heidelberg-germany/
Heinzinger Automotive – Germany,https://evtrader.com/ev-company/heinzinger-automotive-germany/
Heinzmann – Germany,https://evtrader.com/ev-company/heinzmann-germany/
Helix Propellor – Germany,https://evtrader.com/ev-company/helix-propellor-germany/
Hella – Germany,https://evtrader.com/ev-company/hella-germany/
Henkel Adhesives – Germany,https://evtrader.com/ev-company/henkel-adhesives-germany/
Hepha – Germany,https://evtrader.com/ev-company/hepha-germany/
Hercules Bikes – Germany,https://evtrader.com/ev-company/hercules-bikes-germany/
HET Company – Germany,https://evtrader.com/ev-company/het-company-germany/
Hew Cable – Germany,https://evtrader.com/ev-company/hew-cable-germany/
Highphoria Cycles – Germany,https://evtrader.com/ev-company/highphoria-cycles-germany/
Hik Solutions – Germany,https://evtrader.com/ev-company/hik-solutions-germany/
Hioki – Germany,https://evtrader.com/ev-company/hioki-germany/
Hirschmann Automotive – Germany,https://evtrader.com/ev-company/hirschmann-automotive-germany/
Hivebox – Germany,https://evtrader.com/ev-company/hivebox-germany/
HNF Nicolai – Germany,https://evtrader.com/ev-company/hnf-nicolai-germany/
Hoch Volt Kabel – Germany,https://evtrader.com/ev-company/hoch-volt-kabel-germany/
Hofer Powertrain – Germany,https://evtrader.com/ev-company/hofer-powertrain-germany/
Hoheacht Bikes – Germany,https://evtrader.com/ev-company/hoheacht-bikes-germany/
Hop On – Germany,https://evtrader.com/ev-company/hop-on-germany/
Hopper Mobility – Germany,https://evtrader.com/ev-company/hopper-mobility-germany/
Horiba Fuelcon – Germany,https://evtrader.com/ev-company/horiba-fuelcon-germany/
HP Velotechink – Germany,https://evtrader.com/ev-company/hp-velotechink-germany/
Huber + Suhner – Germany,https://evtrader.com/ev-company/huber-suhner-germany/
Huber Automotive – Germany,https://evtrader.com/ev-company/huber-automotive-germany/
Hubject – Germany,https://evtrader.com/ev-company/hubject-germany/
HVR Bikes – Germany,https://evtrader.com/ev-company/hvr-bikes-germany/
Hybrid Lidar System – Germany,https://evtrader.com/ev-company/hybrid-lidar-system-germany/
Hyundai EnWB – Germany,https://evtrader.com/ev-company/hyundai-enwb-germany/
i-SY – Germany,https://evtrader.com/ev-company/i-sy-germany/
IAA Mobility – Germany,https://evtrader.com/ev-company/iaa-mobility-germany/
IASA – Germany,https://evtrader.com/ev-company/iasa-germany/
IAV – Germany,https://evtrader.com/ev-company/iav-germany/
Ibu Tec – Germany,https://evtrader.com/ev-company/ibu-tec-germany/
Idworx – Germany,https://evtrader.com/ev-company/idworx-germany/
IMC Tm – Germany,https://evtrader.com/ev-company/imc-tm-germany/
Img Nordhausen – Germany,https://evtrader.com/ev-company/img-nordhausen-germany/
iMobility – Germany,https://evtrader.com/ev-company/imobility-germany/
In-Tech – Germany,https://evtrader.com/ev-company/in-tech-germany/
Infineon – Germany,https://evtrader.com/ev-company/infineon-germany/
InfraDianba – Germany,https://evtrader.com/ev-company/infradianba-germany/
