Name,Link,LinkedInLink
AAI – Germany,https://evtrader.com/ev-company/aai-germany/,https://de.linkedin.com/company/automotive-artificial-intelligence-aai-gmbh.
ABL Mobility – Germany,https://evtrader.com/ev-company/abl-mobility-germany/,https://www.linkedin.com/company/ablseit1923.
Abm Antriebe – Germany,https://evtrader.com/ev-company/abm-antriebe-germany/,https://www.linkedin.com/company/abm-greiffenberger-antriebstechnik-gmbh.
ACC – Germany,https://evtrader.com/ev-company/acc-germany/,https://fr.linkedin.com/company/acc-automotive-cells-company
Accumotive – Germany,https://evtrader.com/ev-company/accumotive-germany/,https://www.linkedin.com/company/deutsche-accumotive-gmbh-&-co.-kg?trk=ppro_cprof.
Accurec – Germany,https://evtrader.com/ev-company/accurec-germany/,https://de.linkedin.com/company/accurec-recycling-gmbh.
Aceteam – Germany,https://evtrader.com/ev-company/aceteam-germany/,https://www.linkedin.com/company/aceteamnetworks/
ACV Automobil Club – Germany,https://evtrader.com/ev-company/acv-automobil-club-germany/,https://www.linkedin.com/posts/joe-neiman-577181aa_acv-activity-6534264046273867776-bdut
ADAC e-Charge – Germany,https://evtrader.com/ev-company/adac-e-charge-germany/,https://de.linkedin.com/company/adac.
